Name,Email,Company,Job Title,Phone,Status
Ada Okafor,ada.okafor@northwindfreight.test,Northwind Freight,Head of Operations,+44 20 7946 0812,active
Bea Lindqvist,bea.lindqvist@lumenanalytics.test,Lumen Analytics,Account Executive,+46 8 505 12 44,lead
Cyrus Abara,cyrus.abara@harbourandstone.test,Harbour & Stone,Procurement Lead,+44 161 496 0233,active
Dara Cho,dara.cho@cobaltrobotics.test,Cobalt Robotics,CTO,+1 415 555 0142,active
Elias Bellini,elias.bellini@verdantfoods.test,Verdant Foods,Marketing Director,+39 02 3056 1188,dormant
Farrah Dumas,farrah.dumas@atlasinteriors.test,Atlas Interiors,Office Manager,+33 1 70 18 99 04,lead
Gus Eriksen,gus.eriksen@pinecresthealth.test,Pinecrest Health,Finance Partner,+47 21 93 44 10,active
Hana Takahashi,hana.takahashi@orbitalmedia.test,Orbital Media,Sales Engineer,+81 3 4520 7781,bounced
Ivo Kovac,ivo.kovac@kestrellegal.test,Kestrel Legal,Managing Director,+385 1 640 2299,active
Jules Moreau,jules.moreau@brightanvil.test,Bright Anvil,VP Engineering,+32 2 588 31 07,lead
