Civilité;Prénom;Nom;Société;Fonction;Adresse e-mail;Téléphone;Statut
M.;François;Lefèvre;Vignobles Beaucœur SARL;Gérant;f.lefevre@beaucoeur.test;+33 5 56 81 42 10;Client
Mme;Hélène;Dubœuf;Côte d'Opale Logistique SAS;Directrice commerciale, Europe du Sud;h.duboeuf@opale-logistique.test;06 12 34 56 78;Prospect
M.;Jean-Baptiste;Le Floc'h;Chantiers Navals de Kervéan;Responsable achats;jb.lefloch@kervean.test;02 98 44 71 30;Client
Mme;Gaëlle;Mercier;Pâtisserie Gaëlle & Fils;Fondatrice;gaelle@patisserie-gaelle.test;01.45.22.33.10;Ancien client
M.;Loïc;Bréhault;Fromagerie Bréhault;Directeur technique;l.brehault@fromagerie-brehault.test;+33 (0)2 99 31 07 64;Prospect
Mme;Céline;Rouvière;Cabinet Rouvière Conseil;Associée, fiscalité;c.rouviere@rouviere-conseil.test;04 91 55 20 88;Client
M.;Pierre-Aimé;Dupré;Atelier Mécanique Lorrain;Chef d'atelier;t.dupre@aml-metz.test;+33 3 87 16 42 00;Lead
Mme;Maëlys;Nguyễn;Éditions Pérignac;Chargée de communication;m.nguyen@perignac.test;07 81 22 45 19;Prospect
M.;Stéphane;Garçon;Brasserie de l'Étang;Maître brasseur;s.garcon@brasserie-etang.test;03 20 57 14 96;Client
Mme;Anaïs;Delacroix;Maison Delacroix Immobilier;Négociatrice;a.delacroix@maison-delacroix.test;+33 1 42 68 53 00;Ancien client
