Member No.,Member’s Name,Company / Organisation,Position Held,E‑mail Address,Telephone (Office),Telephone (Mobile),Membership Status,Member Since,Sector,Renewal Due,Director’s Notes
M-01000,"Yosef Andersson, III",Echo Park Productions,Project Manager,yosef.andersson@echopark.test	,+47 55 71 93 78,,Pending renewal,12/2000,Professional Services,28/01/2026,
M-01001,Paulo de la Cruz,Silverline Telecom,Intern,paulod@silverlinetel.test,212.555.0148,,Pending renewal,02/2014,Construction,07/09/2027,Owes 2025 dues
M-01002,Jae-won Iqbal,Wren & Finch Architects,Product Designer,jiqbal@wrenfinch.test,07700 900391,+44 20 7946 0429,Honorary,2017,Health & Care,11/12/2027,Sponsor – Gold tier
M-01003,Yara Kaur,Retired,Head of Product,yara.kaur@@helixdx.test,+61 2 5550 6973,0491 570 222,Suspended – unpaid,2009,Charity / Non-profit,02/06/2025,
M-01004,Yusuf D'Souza,Falcon Ridge Winery,Buyer,yusufd@falconridge.test,(415) 555-0170,TBC,active,07/2009,Retail,03/07/2027,
M-01005,chris jones,Blackthorn Security,CEO,jones.chris@blackthornsec.test,0171 8081031,+49 (0) 40 497 121,Lapsed,04/2007,Manufacturing,26/03/2027,Sits on events committee
M-01006,Xavier Singh,Redwood Legal LLP,BDR,xavier@redwoodlegal.test,0491 570 878,,Pending renewal,2003,Hospitality,09/06/2027,Owes 2025 dues
M-01007,WOJCIECH ST. CLAIR,Gossamer Fashion House,Growth Lead,wojciechstclair@fastpost.test,+44 20 7946 0864 (mobile),,active,2025,Tech,16/08/2025,Sits on events committee
M-01008,Yusuf Horvat,Cardinal Foods,Data Analyst,yusufhorvat3@fastpost.test,,,Honorary,2014,Education,28/05/2025,"Prefers post, not email"
M-01009,Rob Nørgaard,Kestrel Aerospace,Head of Product,rob_norgaard@kestrelaero.test,212.555.0113,,Active,1999,Professional Services,14/06/2025,Sponsor – Gold tier
M-01010,Mateo Larsen,Halcyon Hotels,Retired,"mateo@halcyonhotels.test,mateolarsen@inbox.test",+33 1 44 35 20 77,'+33 1 26 43 22 32,Active,2004,Tech,21/09/2027,
M-01011,Thandiwe Brennan,mosaic marketing,Facilities Manager,thandiwe@mosaicmktg.test,030 1120477,0171 1144805,Suspended – unpaid,2015,Health & Care,06/12/2026,Sponsor – Gold tier
M-01012,Ben Castillo,Kestrel Aerospace,CEO & Founder,ben@kestrelaero.test,020 7946 0127,,active,2004,Tech,26/09/2026,Ex-chair
M-01013,Noor O'Brien,Silverline Telecom,Senior Software Engineer,nooro@silverlinetel.test,+33 1 59 88 19 89,+33 1 35 65 46 46,Active,2004,Tech,02/06/2026,
M-01014,Mbali Wang,Halcyon Hotels,, mbaliwang18@fastpost.test ,555-0137,415-555-0133,Pending renewal,2025,Professional Services,26/07/2025,Owes 2025 dues
M-01015,Sven Ortiz,-,Supply Chain Manager,sven@granitepeak.test,+33 1 60 22 82 77,+33 1 10 85 22 66,Lapsed,05/2022,Education,02/10/2027,
M-01016,Thandiwe Xu,Greenleaf Organics,Freelance Designer,xu.thandiwe@greenleaforganics.test,+81 3-4865-7788 / +81 3-5990-3768,see email,Active,2004,Health & Care,28/03/2027,Ex-chair
M-01017,Jen Novak,Vantage Point Consulting,Consultant,-,07700 900716,+447700900424,Active,03/2018,Hospitality,27/05/2025,Ex-chair
M-01018,Anh Kim,Quill & Ink Publishing,Customer Success Manager,Anhkim14@mailhub.test,(415) 555-0147,,Pending renewal,06/2017,Retail,05/10/2027,Owes 2025 dues
M-01019,Mbali Nascimento,Paragon Recruitment,UX Researcher (maternity cover),mbali.nascimento@paragonrec.test,(415) 555-0117 ext. 2400,212.555.0165,Lapsed,2009,Manufacturing,04/02/2026,
,Isabela Park,IRONBRIDGE CONSTRUCTION,,isabela_park@ironbridge.test,+33 1 46 51 95 85  #2306,+33 1 30 85 18 63 ext694,Active,2016,Construction,13/09/2027,
M-01021,Mrs. Tomás Farouk,,VP Sales,tomasfarouk@webmail.test,415-555-0190,,Honorary,2018,Hospitality,08/07/2025,Sits on events committee
M-01022,Émile Novak,Orbital Media,Sysadmin,novak.emile@orbitalmedia.test,415-555-0188,,Lapsed,2005,Education,26/04/2026,
M-01023,Viktor García-López,Wren & Finch Architects,Head Chef,viktorg@wrenfinch.test,1-800-555-0135,,Lapsed,04/2026,Professional Services,01/11/2026,Keynote speaker 2024 gala
M-01024,Gabriel Grant,Verdant Landscaping,Finance Director,gabrielgrant@postbox.test,0491 570 610,,Resigned,2021,Construction,15/07/2027,
M-01025,Pádraig Davies,Westfield Motors,VP of Engineering,padraigdavies27@inbox.test,020 7946 0308,,Active,2021,Construction,17/04/2026,
M-01026,Mike Ahmed,FOXGLOVE BAKERY,Data Analyst,,,030 6888148,Honorary,2003,Professional Services,11/10/2026,
M-01027,Katie Lefebvre,Jasper & Vine,,lefebvre.katie@jaspervine.test,+47 91 94 88 22,+47 90 60 53 42,active,09/2008,Construction,07/12/2025,
M-01028,Pádraig Kim,Halcyon Hotels,HR Business Partner,padraig_kim@halcyonhotels.test,+447700900127,,active,2021,Education,10/09/2027,Keynote speaker 2024 gala
M-01029,Katie Farouk,Indigo Print Co.,Sales Engineer,katiefarouk@postbox.test,,,Active,2010,Charity / Non-profit,09/07/2027,
M-01030,FREYA GALLAGHER,Copperline Energy,Managing Director,freya@copperlineenergy.test,07700 900310,,Lapsed,2001,Hospitality,01/02/2027,Sponsor – Gold tier
,Oren Ivanova,Silt & Sons,Operations Coordinator,ivanova.oren@siltandsons.test,5550147,,Suspended – unpaid,2010,Tech,11/07/2026,Sponsor – Gold tier
M-01032,Jarrah Sørensen,Borealis Shipping AS,Chief of Staff,jarrah_sorensen@borealisshipping.test,212.555.0157,,Resigned,2026,Education,04/02/2027,Owes 2025 dues
M-01033,Mrs. Aoife Wilson,Nordlys Fisk AS,Head of People, awilson@nordlysfisk.test ,+1 212 555 0189,,Active,2016,Health & Care,16/05/2025,Owes 2025 dues
M-01034,Quinn Zielinski,,Senior Software Engineer,qzielinski@polarisins.test,020 7946 0866,,Active,1999,Manufacturing,23/08/2027,Keynote speaker 2024 gala
M-01035,Aoife Reyes,Copperline Energy,Senior Software Engineer,aoifereyes59@fastpost.test,020 7946 0866,,Suspended – unpaid,2009,Hospitality,02/05/2025,
M-01036,Hana Okafor,juniper dental,"Vice President, Sales",hana.okafor@juniperdental.test,+47 87 98 60 97,,Active,2018,Health & Care,21/08/2026,
M-01037,"MBEKI, Isabela",Nordlys Fisk AS,Owner,isabelam@nordlysfisk.test,+1 (646) 555-0196,1-800-555-0164,Lapsed,2018,Construction,07/01/2027,
M-01038,Valentina Lefebvre,Falcon Ridge Winery,IT Manager,valentinalefebvre@inbox.test,0161 496 0188,,Resigned,08/2005,Manufacturing,23/10/2026,Sits on events committee
M-01039,Wojciech Kowalski,Nimbus Cloud Services,Office Manager,KOWALSKI.WOJCIECH@NIMBUSCLOUD.TEST,07700 900487,+44 20 7946 0417,Active,2000,Retail,17/02/2026,Owes 2025 dues
M-01040,Quinn Andersson,Lighthouse Charity Foundation,Teacher,andersson.quinn@lighthousefdn.test,+33 1 58 76 14 29,,Pending renewal,11/2021,Professional Services,04/08/2027,Ex-chair
M-01041,  Farah  Uddin ,Sable & Roe,,farah@sableandroe.test,0491 570 763,6.12E+10,Active,2004,Manufacturing,02/12/2025,
M-01042,Yusuf Müller,Gossamer Fashion House,Operations Coordinator,yusufmuller@inbox.test,212.555.0143  #2432,,Active,2007,Tech,22/03/2027,Ex-chair
M-01043,Mateo B. Brennan,Silt & Sons,Business Development Rep,mateob@siltandsons.test,,,Suspended – unpaid,06/2011,Education,22/07/2025,
M-01044,Jen Ødegaard,Jasper & Vine,Account Executive,Jen Ødegaard <odegaard.jen@jaspervine.test>,0161 496 0501,,active,2003,Health & Care,09/05/2026,
M-01045,JESS NAKAMURA,mosaic marketing,,,,,Active,2010,Charity / Non-profit,13/01/2026,"Prefers post, not email"
M-01046,Farah Sørensen,Sakura Trading K.K.,Project Manager,TBC,(415) 555-0112,,Suspended – unpaid,2013,Hospitality,09/07/2026,Sponsor – Gold tier
M-01047,Vikram Eriksen,Quartz Capital Partners,Controller,Vikram Eriksen <vikrameriksen3@fastpost.test>,+81 3-4891-2430,,Resigned,2005,Retail,13/12/2026,Owes 2025 dues
M-01048,Amara Tanaka,Cardinal Foods,Finance Director,amara.tanaka@cardinalfoods.test,07700 900689,,Pending renewal,2017,Hospitality,24/12/2027,
M-01049,Aleksandra Takahashi,Magnolia Events,Accounts Payable Clerk,Aleksandra@magnoliaevents.test,+49 (0) 40 195 372,,Active,2008,Health & Care,23/02/2027,
M-01050,Matt Abara,Copperline Energy,IT Manager,matt_abara@copperlineenergy.test,+33 1 58 63 13 37,,Pending renewal,08/2020,Manufacturing,04/05/2026,

M-01051,Sakura Popescu,,VP Sales,sakurap@cobaltrobotics.test,0491 570 918,,Active,2009,Retail,05/10/2025,Owes 2025 dues
M-01052,Stellan,,Owner/Operator,stellan@cardinalfoods.test	,+33 1 23 65 41 90,,Suspended – unpaid,2004,Education,26/09/2025,Owes 2025 dues
M-01053,Paulo Brennan,Nimbus Cloud Services,Freelance Designer,PAULO.BRENNAN@NIMBUSCLOUD.TEST,415-555-0188 / +1 212 555 0172,,Resigned,12/2011,Hospitality,08/05/2026,
M-01054,Mei Wilson,,Compliance Officer,mei_wilson@deltavets.test,020 7946 0560,07700 900611,Pending renewal,2005,Education,19/06/2027,Sits on events committee
M-01055,Marta Silva,Copperline Energy,Head Chef,martasilva@fastpost.test,+1 (646) 555-0141,,Active,2016,Manufacturing,07/05/2025,Owes 2025 dues
M-01056,Stellan Eriksen,Pinecrest Realty,,eriksen.stellan@pinecrestrealty.test,+447700900482,,Honorary,11/2025,Health & Care,10/05/2026,
M-01057,Aoife McAllister,Foxglove Bakery,Sysadmin,aoife@foxglovebakery.test,,,Suspended – unpaid,2025,Health & Care,07/02/2027,Ex-chair
M-01058,Yusuf MacLeod,Crescent Pharma,sysadmin,yusuf_macleod@crescentpharma.test,,,Lapsed,2017,Education,06/10/2025,
M-01059,Marta Reyes,Solstice Solar,,marta@solsticesolar.test,+1 212 555 0182,+1 212 555 0181,Pending renewal,08/1999,Construction,04/08/2027,Sponsor – Gold tier
M-01060,Tariq Coelho,Cobalt Robotics,growth lead,tariq.coelho@cobaltrobotics.test,212.555.0110,,Active,2001,Charity / Non-profit,27/07/2026,
M-01061,Wojciech Bianchi,Brightwater Health,,wojciech.bianchi@brightwaterhealth.test,+49 (0) 40 245 392,,Active,2006,Professional Services,02/01/2027,Sits on events committee
M-01062,Olumide Jones,Self-employed,Marketing Manager,olumide_jones@crescentpharma.test,+33 1 38 99 75 84,+33 1 53 43 99 37,Honorary,2004,Education,03/08/2025,
M-01063,Pádraig Sørensen,Polaris Insurance,Practice Manager,padraig_sorensen@polarisins.test,+47 98 90 98 93 ext2622,+47 37 14 43 33,Lapsed,01/2021,Tech,06/09/2025,
M-01064,Uma Thompson,Pinecrest Realty,Account Executive,umathompson80@webmail.test,+44 20 7946 0170,,Active,2004,Health & Care,06/01/2027,Owes 2025 dues
M-01065,Ivo Castillo,Juniper Dental,,castillo.ivo@juniperdental.test,+1 212 555 0126,,Active,2005,Education,18/08/2026,Keynote speaker 2024 gala
M-01066,Hana Okafor,Juniper Dental,"Vice President, Sales",hanaokafor@postbox.test,+47 87 98 60 97,,Lapsed,10/2015,Education,27/06/2025,Owes 2025 dues
M-01067,Rob Hoffmann,Atlas Manufacturing,,rob.hoffmann@atlasmfg.test,+49 30 322361,+49 (0) 40 634 807 ext3051,Active,1999,Construction,28/03/2026,Sponsor – Gold tier
M-01068,Oksana Haddad,Umbra Games,SDR,oksanah@umbragames.test,+447700900601,0161 496 0811,Honorary,2017,Hospitality,02/11/2025,
M-01069,Jen Ødegaard,Jasper & Vine,Account Executive,odegaard.jen@jaspervine.test,0161 496 0501,,Active,2007,Health & Care,17/04/2025,
M-01070,Mateo Delgado,,Procurement Lead,mateod@keystoneacct.test,+91 93086 83343,,Active,2022,Professional Services,17/12/2025,Sits on events committee
M-01071,Bea MacLeod,Silt & Sons,Co-founder,beamacleod43@postbox.test,07700 900659,,Active,2023,Tech,06/09/2027,
M-01072,Jarrah Smith,,HR Business Partner,jarrah.smith@siltandsons.test,+81 3-3135-4833,,Honorary,2007,Construction,02/02/2027,Keynote speaker 2024 gala
M-01073,Cyrus Silva,Silt & Sons,Consultant,cyrus.silva@siltandsons.test,415-555-0171,555-0139,Suspended – unpaid,2010,Hospitality,24/06/2027,
M-01074,Priya Fontaine,Self-employed,Controller,fontaine.priya@tidewaterlogistics.test,555-0197,+1 212 555 0190,Active,2008,Manufacturing,08/11/2026,
M-01075,Zoë Kim,Granite Peak Outdoors,,,0161 496 0158,+447700900853,Honorary,2018,Education,05/06/2026,Keynote speaker 2024 gala
M-01076,Elif McAllister,Echo Park Productions,Operations Coordinator,emcallister@echopark.test,3.31E+10,+33 1 86 13 13 66,Suspended – unpaid,2001,Manufacturing,15/04/2027,Owes 2025 dues
M-01077,"QUINTERO, Katarzyna",Riverbend Brewing,,katarzyna@riverbendbrew.test,,,Resigned,2013,Manufacturing,07/01/2025,Keynote speaker 2024 gala
M-01078,Paulo García-López,Redwood Legal LLP,Chief of Staff, paulogarcialopez73@webmail.test ,+91 83460 92629,+91 94783 29382,Pending renewal,10/2005,Manufacturing,26/04/2027,"Prefers post, not email"
M-01079,"Bogdan ""Bex"" St. Clair",Driftwood Studios,SDR,bstclair@driftwoodstudios.test,+47 56 91 60 34,+47 80 42 71 53,Lapsed,03/2026,Retail,09/06/2026,
M-01080,Tariq Larsen,Vantage Point Consulting,Product Designer,tariq.larsen@vantagepoint.test,1-800-555-0172,212.555.0146,Active,11/2018,Hospitality,15/05/2026,Keynote speaker 2024 gala
M-01081,Quinn Abara,Foxglove Bakery,General Counsel,Quinn Abara <quinn@foxglovebakery.test>,(415) 555-0192,212.555.0134,Resigned,2019,Education,15/12/2027,Keynote speaker 2024 gala
M-01082,Viktor Zielinski,Ironbridge Construction,Consultant,viktor@ironbridge.test,1-800-555-0198,212.555.0128,Active,07/2023,Health & Care,10/08/2027,Ex-chair
M-01083,Mei Farouk,Meridian Labs,Partner,mfarouk@meridianlabs.test,+47 71 60 35 57,,Pending renewal,01/2015,Construction,08/08/2027,Owes 2025 dues
M-01084,Hiroshi Iqbal,,Software Engineer,hiqbal@terranova.test,0.30E+9,030 4669102,Honorary,2002,Charity / Non-profit,26/02/2026,
M-01085,Émile Ionescu,Solstice Solar,General Counsel,emile.ionescu@solsticesolar.test	,+91 84391 80187,,Resigned,2021,Tech,04/07/2025,Sponsor – Gold tier
M-01086,Pádraig Cho,Vantage Point Consulting,Practice Manager, padraig.cho@vantagepoint.test ,212.555.0123 / 415-555-0192,415-555-0192,Pending renewal,2025,Manufacturing,01/01/2026,Sponsor – Gold tier
M-01087,Amara Wiśniewski,Riverbend Brewing,Account Executive,wisniewski.amara@riverbendbrew.test,+49 30 881774,,Active,02/2001,Hospitality,11/11/2026,Sits on events committee
M-01088,Ximena Delgado,Magnolia Events,Customer Success Manager,ximena_delgado@magnoliaevents.test,+61 2 5550 6941,,Active,2014,Health & Care,28/06/2026,Keynote speaker 2024 gala
M-01089,Nikolai Duarte,Foxglove Bakery,Customer Success Manager,nikolai.duarte@foxglovebakery.test,+61 2 5550 7855,+61 2 5550 7496,Active,2010,Construction,22/06/2025,
M-01090,Émile Ødegaard,,co-founder,Emileodegaard43@mailhub.test,0161 496 0907,,Active,2000,Tech,07/07/2025,Sponsor – Gold tier
M-01091,Paulo Jones,"Atlas Manufacturing, Inc.",Owner/Operator,Pauloj@atlasmfg.test,4155550111,,Lapsed,2004,Professional Services,22/08/2025,
M-01092,Paulo Ivanova,Harbour & Stone,Office Manager (APAC),paulo_ivanova@harbourandstone.test	,07700 900788 x3111,+447700900617,Pending renewal,04/2022,Professional Services,26/04/2025,"Prefers post, not email"
M-01093,Lena Yılmaz,,Executive Assistant,LENA_YILMAZ@GOSSAMER.TEST,,,Honorary,2017,Retail,02/04/2026,Sponsor – Gold tier
M-01094,Chris Williams,Granite Peak Outdoors,UX Researcher,cwilliams@granitepeak.test,415-555-0168,,Active,2015,Hospitality,02/03/2026,Keynote speaker 2024 gala
M-01095,Stellan Rossi,SABLE & ROE,Project Manager,stellanrossi@webmail.test,0491 570 280,0491 570 188,active,2018,Education,26/12/2027,
M-01096,Kai O'Connor,Meridian Labs,Legal Counsel,kaioconnor@postbox.test,+33 1 80 88 55 82,,Pending renewal,09/2022,Retail,02/06/2026,Sponsor – Gold tier
M-01097,Cyrus Coelho,Solstice Solar,Owner,cyrus.coelho@solsticesolar.test,(415) 555-0169,415-555-0184,Active,04/2013,Professional Services,08/08/2026,Ex-chair
M-01098,Farah Nguyen,Nimbus Cloud Services,Freelance Designer,farah.nguyen@nimbuscloud.test,415-555-0132,,Resigned,06/1999,Health & Care,14/09/2026,
M-01099,siobhán garcía-lópez,Pinecrest Realty,Facilities Manager,SIOBHANGARCIALOPEZ@INBOX.TEST,07700 900301,0.20E+10,Active,2022,Tech,27/09/2027,Owes 2025 dues
M-01100,Eamon Lindqvist,Paragon Recruitment,Executive Assistant,eamonlindqvist56@inbox.test,'030 3421956,,Active,07/2005,Retail,16/12/2026,
M-01101,Carmen Ahmed,Tessellate Software,CFO,ahmed.carmen@tessellate.test,+47 93 27 89 58,,Active,2021,Education,28/03/2027,Sponsor – Gold tier
M-01102,zainab takahashi,Helix Diagnostics,Board Member,zainab.takahashi@helixdx.test,9.17E+11,,active,2001,Tech,07/01/2027,Sits on events committee
M-01103,Fatima Adeyemi,Delta Veterinary Group,CFO,fatima.adeyemi@deltavets.test,+33 1 46 57 73 85,+33 1 75 82 59 92,Active,2008,Tech,08/11/2025,Sits on events committee
M-01104,"Jonas ""Sunny"" Schmidt",Westfield Motors,account executive,JONASSCHMIDT@INBOX.TEST,0171 5744243,0171 3873312,Active,2002,Hospitality,04/11/2025,"Prefers post, not email"
M-01105,Yara Yamamoto,Solstice Solar,General Counsel,yara@solsticesolar.test,5550134,,Honorary,2013,Hospitality,19/05/2026,Keynote speaker 2024 gala
M-01106,Mei Uddin,Verdant Landscaping,Controller, mei@verdantland.test ,020 7946 0834,,Suspended – unpaid,2002,Manufacturing,12/03/2026,"Prefers post, not email"
M-01107,Jonas Quintero,Orbital Media,Controller,jonas.quintero@orbitalmedia.test,,+1 212 555 0159,Active,06/2003,Tech,21/03/2027,Owes 2025 dues
M-01108,"Lena Brennan, MBA",Evergreen Schools Trust,Store Manager,N/A,+47 43 11 94 99,,Honorary,2019,Manufacturing,25/08/2027,"Prefers post, not email"
M-01109,"BRENNAN, Mateo",Silt & Sons,Business Development Rep,mateobrennan@postbox.test,,,Honorary,2000,Manufacturing,07/05/2025,
M-01110,Oksana Rossi,Bluebell Nurseries Ltd,,rossi.oksana[at]bluebellnurseries.test,07700 900595,+44 20 7946 0375,active,03/2019,Construction,22/10/2026,
,Cyrus McAllister,Gossamer Fashion House,Senior Software Engineer,cyrus@gossamer.test,+447700900953,+447700900361,Pending renewal,2003,Professional Services,06/01/2027,Sits on events committee
M-01112,Marta T. Dubois,Cardinal Foods,Freelance Designer,martad@cardinalfoods.test,,+91 82085 77686,Lapsed,2024,Construction,13/05/2027,"Prefers post, not email"
M-01113,Tuğba Cho,SILVERLINE TELECOM,Project Manager,tugba_cho@silverlinetel.test,,020 7946 0354,Resigned,02/2005,Tech,06/10/2027,
M-01114,PRIYA HERNÁNDEZ,Cardinal Foods,Principal,PRIYA@CARDINALFOODS.TEST,1-800-555-0183,212.555.0148,Pending renewal,05/2022,Education,06/09/2027,
M-01115,Ugo Wilson,Harbour & Stone,SDR,UGO.WILSON@HARBOURANDSTONE.TEST,0161 496 0381,,active,08/2016,Health & Care,15/10/2026,
M-01116,Dave R. Zielinski,greenleaf organics,Talent Acquisition Lead,davezielinski79@postbox.test / davezielinski79@postbox.test,555-0199,1.80E+10,Resigned,2025,Retail,15/11/2027,
M-01117,Siobhán Fitzgerald,Nordlys Fisk AS,retired,sfitzgerald@nordlysfisk.test,+44 (0)7700 900690,,Active,2008,Retail,04/09/2026,
M-01118,Paulo Müller,Redwood Legal LLP,Retired,paulo.muller@redwoodlegal.test,07700 900153,,active,2023,Tech,21/11/2025,
M-01119,Deepak Horvat,Sable & Roe,SDR,deepakh@sableandroe.test,1-800-555-0137,555-0193,Suspended – unpaid,2002,Construction,22/06/2026,
,Kalani Cho,Mosaic Marketing,UX Researcher,kalani.cho@mosaicmktg.test,,,active,2018,Health & Care,19/09/2025,"Prefers post, not email"
M-01121,Eamon Jovanović,Ironbridge Construction,CTO,Jovanovic.eamon@ironbridge.test,0491 570 308 ext. 747,0491 570 375,Lapsed,02/2002,Retail,15/12/2025,
M-01122,Chiara García-López,quartz capital partners,Growth Lead,chiara.garcialopez@quartzcapital.test,,,Active,1999,Hospitality,16/02/2026,Sits on events committee
M-01123,Chris Evans,Greenleaf Organics,,chrisevans8@webmail.test,,see email,Honorary,2020,Construction,23/08/2025,
M-01124,mbali st. clair,Borealis Shipping AS,Buyer,N/A,+1 (646) 555-0160,,Lapsed,2009,Charity / Non-profit,26/10/2027,Sponsor – Gold tier
M-01125,Jen Bianchi,Evergreen Schools Trust,product designer,Bianchi.jen@evergreenschools.test,+49 30 656694,,Lapsed,2006,Education,27/05/2027,Keynote speaker 2024 gala
M-01126,Hiroshi de la Cruz,Paragon Recruitment,Co-founder,hiroshidelacruz41@postbox.test,+44 (0)7700 900602,07700900463,Suspended – unpaid,2023,Retail,08/04/2026,
M-01127,"Xavier ""Mo"" Müller",Orbital Media,Supply Chain Manager,xavier.muller@orbitalmedia.test,0161 496 0247,,Active,2006,Retail,27/04/2025,Sponsor – Gold tier
M-01128,  Vikram  Takahashi ,Paragon Recruitment,Partner,vikram@paragonrec.test,(415) 555-0144,(415) 555-0176,Resigned,09/2004,Charity / Non-profit,10/12/2027,Owes 2025 dues

M-01129,Kai Zielinski,Halcyon Hotels,Accounts Payable Clerk,kai.zielinski@halcyonhotels.test,,0171 9209889,Lapsed,2011,Retail,10/05/2027,Ex-chair
M-01130,Chris Jones,,Software Engineer,chris_jones@aurorabiotech.test,+91 87297 52451,,Lapsed,10/2015,Education,19/01/2026,
M-01131,Ms Hiroshi Castillo,Jasper & Vine,Co-founder,hiroshi_castillo@jaspervine.test,+33 1 58 90 70 13 x2886,,Resigned,12/2026,Professional Services,12/11/2026,
M-01132,Ms Tuğba Adeyemi,Tessellate Software,PA to the CEO,tugba.adeyemi@tessellate.test,+81 3-4348-2299,+81 3-9612-2662,Pending renewal,2025,Manufacturing,07/10/2026,"Prefers post, not email"
M-01133,THANDIWE MCALLISTER,brightwater health,Owner,thandiwe_mcallister@brightwaterhealth.test,020 7946 0106,+447700900927,Pending renewal,2012,Hospitality,11/04/2025,Sits on events committee
M-01134,Hiroshi Novak,Harbour & Stone,Procurement Lead,hnovak@harbourandstone.test,+44 20 7946 0371,,Honorary,04/2025,Education,27/04/2026,
M-01135,Aleksandra Williams,,IT Manager,aleksandra.williams@tidewaterlogistics.test,0491 570 788,,Active,2026,Professional Services,23/03/2027,Ex-chair
M-01136,Giulia Nguyen,Helix Diagnostics,, nguyen.giulia@helixdx.test ,+61 2 5550 2998,+61 2 5550 7715,Active,2016,Professional Services,02/03/2027,
,Ivo Brown,Westfield Motors,CEO & Founder,ivobrown@inbox.test,(415) 555-0124 ext4008,1-800-555-0176,Honorary,03/2004,Education,25/02/2027,Keynote speaker 2024 gala
M-01138,Kofi Ionescu,Northwind Freight,Talent Acquisition Lead,kofii@northwindfreight.test,0.49E+9,0491 570 719,Suspended – unpaid,2001,Tech,22/07/2027,
M-01139,Rafael Smith,Gossamer Fashion House,VP Sales,rafael[at]gossamer.test,,+91 82781 58607,Active,2006,Professional Services,13/03/2025,
M-01140,Rob Grant,polaris insurance,,Robgrant63@inbox.test,,,Resigned,06/2019,Hospitality,28/01/2025,Keynote speaker 2024 gala
M-01141,Zainab Reyes,"Atlas Manufacturing, Inc.",UX Researcher,zainab.reyes@atlasmfg.test,+1 (646) 555-0128,212.555.0131,Suspended – unpaid,2004,Education,07/04/2026,
M-01142,Ms Björn Rossi,Keystone Accounting,Controller,bjornrossi@postbox.test,+33 1 87 73 95 46,,Honorary,2010,Manufacturing,08/07/2026,Keynote speaker 2024 gala
M-01143,Ximena Sørensen,PINECREST REALTY,Buyer,ximenasorensen95@inbox.test,+447700900339,,Active,08/2011,Health & Care,08/12/2025,
M-01144,Aoife Coelho,Silt & Sons,Procurement Lead,Aoife_coelho@siltandsons.test,415-555-0168,,Pending renewal,2013,Construction,09/10/2025,Owes 2025 dues
M-01145,Mbali Coelho,TESSELLATE SOFTWARE,Head of Growth,mbali.coelho@tessellate.test,030 1599395 ext. 2149,,active,01/2023,Construction,19/09/2026,"Prefers post, not email"
M-01146,"ØDEGAARD, Lena",,Account Executive,lenaodegaard91@fastpost.test,+44 20 7946 0598,,Suspended – unpaid,2005,Hospitality,12/06/2026,
M-01147,Jen Larsen,Silt & Sons,Business Development Rep,jen@siltandsons.test,07700 900431,+44 20 7946 0637,Active,2007,Health & Care,07/06/2027,"Prefers post, not email"
M-01148,Yosef Chen,Foxglove Bakery,Buyer, ychen@foxglovebakery.test ,+447700900957,,Active,1999,Charity / Non-profit,05/07/2026,Keynote speaker 2024 gala
M-01149,Noor Taylor,ZEPHYR AIRLINES,,noor.taylor@zephyrair.test,16465550186,1-800-555-0154,Active,04/2017,Construction,16/05/2027,
M-01150,Bogdan K. Nguyen,Zephyr Airlines,Legal Counsel,bogdan@zephyrair.test,555-0133,,Active,2009,Hospitality,24/10/2027,
M-01151,Nadia Duarte,Polaris Insurance,Executive Assistant,nadia@polarisins.test,+1 212 555 0132,,Active,2013,Health & Care,16/10/2027,Sits on events committee
,Marta Davies,Zephyr Airlines,VP of Engineering,mdavies@zephyrair.test,+91 84875 31086,,Active,02/2011,Hospitality,03/03/2027,
M-01153,Yosef Ortiz,evergreen schools trust,Head Chef, ortiz.yosef@evergreenschools.test ,+49 (0) 40 499 293,01717297674,active,2008,Construction,06/05/2026,Sponsor – Gold tier
M-01154,Priya Fontaine,Tidewater Logistics,Controller, fontaine.priya@tidewaterlogistics.test ,555-0197,+1 212 555 0190,Active,2002,Construction,15/02/2025,Owes 2025 dues
M-01155,Sven,"Atlas Manufacturing, Inc.",CEO & Founder,sven.sorensen@atlasmfg.test,212.555.0131,,Lapsed,10/2000,Education,02/05/2027,
M-01156,Tuğba MacLeod,Solstice Solar,Supply Chain Manager,mailto:tugba_macleod@solsticesolar.test,,212.555.0144,Honorary,2020,Hospitality,02/01/2027,"Prefers post, not email"
M-01157,Oksana Grant,Verdant Landscaping,,oksanagrant16@postbox.test,4.42E+11,'+44 (0)7700 900481,Active,04/2014,Charity / Non-profit,11/01/2025,
,,,,,,,,,,,
M-01158,Vikram Ivanova,Wren & Finch Architects,,vikramivanova9@mailhub.test,020 7946 0854,,Active,2013,Hospitality,06/08/2027,Keynote speaker 2024 gala
M-01159,Wen Kaur,Redwood Legal LLP,,wenk@redwoodlegal.test,+44 (0)7700 900967 (mobile),,Active,2025,Retail,24/05/2026,Ex-chair
M-01160,Zainab Wiśniewski,Polaris Insurance,Data Analyst,zwisniewski@polarisins.test,0171 3382120,+49 (0) 40 106 390,Resigned,12/2019,Construction,27/08/2025,Sits on events committee
M-01161,hiroshi ahmed,AURORA BIOTECH GMBH,VP of Engineering,hiroshi.ahmed@aurorabiotech.test,555-0191,'415-555-0173,Pending renewal,2000,Manufacturing,04/01/2025,Ex-chair
M-01162,Rob B. Uddin,Gossamer Fashion House,,rob_uddin@gossamer.test,+33 1 39 37 88 37,,Lapsed,2024,Charity / Non-profit,23/09/2026,
M-01163,"ADEYEMI, Mbali",PINECREST REALTY,CEO & Founder,mbaliadeyemi25@mailhub.test,,0171 8522855 ext. 1851,Resigned,01/2012,Manufacturing,25/07/2027,"Prefers post, not email"
M-01164,Rosa Park,Keystone Accounting,Student,rosa_park@keystoneacct.test,+33 1 48 43 31 33,,Lapsed,2005,Professional Services,13/08/2026,
M-01165,Jess Khan,Harbour & Stone,Senior Software Engineer,khan.jess@harbourandstone.test,+81 3-1340-6178 (mobile),+81 3-5640-3351 (mobile),Lapsed,03/2007,Manufacturing,23/10/2025,
M-01166,Pádraig Rahman,Sakura Trading K.K.,Finance Director,padraig_rahman@sakuratrading.test,+91 73754 59908 x4939,,Resigned,2020,Professional Services,16/12/2026,Sponsor – Gold tier
M-01167,Ugo Kowalski,meridian labs,Executive Assistant,ukowalski@meridianlabs.test,+47 78 28 59 97,,Active,2006,Charity / Non-profit,25/12/2027,Owes 2025 dues
M-01168,"MAHLANGU, Björn",Halcyon Hotels,Teacher,bjorn@halcyonhotels.test,555-0135,,Active,2011,Construction,28/04/2026,Sponsor – Gold tier
M-01169,Mike Varga,Helix Diagnostics,Co-founder,mikevarga@fastpost.test,+49 (0) 40 912 379 ext43,,Pending renewal,2006,Retail,26/12/2026,"Prefers post, not email"
M-01170,Chris,Driftwood Studios,Office Manager,CHRIS.DUBOIS@DRIFTWOODSTUDIOS.TEST,+47 51 15 14 13 x2931,+47 65 26 64 56,active,2025,Construction,19/12/2027,Sits on events committee
M-01171,"Ada ""Sunny"" Lindqvist","Atlas Manufacturing, Inc.",Principal,ada@atlasmfg.test,(415) 555-0115,,Resigned,2001,Charity / Non-profit,17/04/2026,Ex-chair
M-01172,Paulo Jones,"Atlas Manufacturing, Inc.",Owner/Operator,paulojones18@fastpost.test	,,,Pending renewal,1999,Manufacturing,04/01/2027,Keynote speaker 2024 gala
M-01173,Jae-won Jaramillo,Ironbridge Construction,Business Development Rep,Jaewonjaramillo@postbox.test,(415) 555-0135,,Active,09/2006,Manufacturing,16/11/2027,
M-01174,"Xavier Adeyemi, III",Juniper Dental,IT Manager,xavier_adeyemi@juniperdental.test,,,Active,2014,Professional Services,09/07/2026,
M-01175,Omar Bianchi,Redwood Legal LLP,Head of Operations,omar.bianchi@redwoodlegal.test,1-800-555-0177,,Suspended – unpaid,2009,Manufacturing,11/05/2025,Keynote speaker 2024 gala
M-01176,Kai,Oakhaven Care Homes,UX Researcher,brennan.kai@oakhavencare.test,+47 82 17 51 95 ext2920,,Resigned,07/1998,Charity / Non-profit,22/04/2025,Sits on events committee
M-01177,Rob,Terra Nova Mining,Sales Engineer,Rob.khan@terranova.test,+447700900337,,active,11/2002,Health & Care,02/02/2025,
M-01178,"EKSTRÖM, Cyrus",Granite Peak Outdoors,Senior Project Manager,cyrusekstrom@mailhub.test,0491 570 252,0491 570 308,Active,2022,Charity / Non-profit,16/03/2025,Sponsor – Gold tier
M-01179,Gabriel Smith,Falcon Ridge Winery,CTO,gabriel@falconridge.test,030 6420392,,Active,2001,Charity / Non-profit,15/07/2025,
M-01180,Freya Nakamura,Quill & Ink Publishing,,freya_nakamura@quillink.test,0161 496 0278,07700 900434,Active,2019,Hospitality,27/10/2025,
M-01181,Mei Uddin,VERDANT LANDSCAPING,Controller,Mei@verdantland.test,020 7946 0834,,Pending renewal,2008,Manufacturing,26/11/2026,Ex-chair
M-01182,Chris Williams,Granite Peak Outdoors,UX Researcher,chriswilliams@mailhub.test,415-555-0168,,active,2024,Construction,24/03/2026,
,Wojciech Chen,Quill & Ink Publishing,Owner/Operator, wojciech_chen@quillink.test ,+447700900136,,Lapsed,2017,Professional Services,27/09/2027,Sits on events committee
M-01184,Kalani Kaur,Terra Nova Mining,Board Member,kalanikaur@fastpost.test,555-0173,555-0197,Honorary,03/2023,Tech,11/07/2025,
M-01185,Ingrid Gallagher,Redwood Legal LLP,Sysadmin,ingrid_gallagher@redwoodlegal.test,,,Lapsed,2015,Construction,17/10/2025,Ex-chair
,Oksana Abara,Redwood Legal LLP,,abara.oksana@@redwoodlegal.test,212.555.0114,(415) 555-0165,Pending renewal,2004,Retail,13/11/2025,
M-01187,Anh Wang,Blackthorn Security,Board Member,wang.anh@blackthornsec.test,415-555-0150,2.12E+9,active,2016,Professional Services,11/03/2026,Owes 2025 dues
M-01188,Aleksandra Kim,Zephyr Airlines,Business Development Rep,aleksandra.kim@zephyrair.test,+1 212 555 0154,,Active,2003,Charity / Non-profit,22/01/2027,
M-01189,Kalani Chen,Cobalt Robotics,Compliance Officer,kalani.chen@cobaltrobotics.test,+49 (0) 40 197 770,,Suspended – unpaid,2007,Construction,25/08/2025,Sits on events committee
M-01190,Amara Evans,,Board Member,amara_evans@aurorabiotech.test,+33 1 45 40 82 96,,Active,2008,Education,27/01/2025,"Prefers post, not email"
M-01191,Mrs. Omar Jovanović,Juniper Dental,Finance Director,omarj@juniperdental.test,0161 496 0306,,Active,07/2011,Education,26/02/2025,
M-01192,Katarzyna Wang,Meridian Labs,,katarzyna.wang@meridianlabs.test,+44 20 7946 0778,+447700900946,Active,10/2020,Education,27/12/2025,Ex-chair
M-01193,Ugo Fitzgerald,Tessellate Software,Store Manager,ugof@tessellate.test,+49 30 420812,,Active,2026,Retail,11/08/2026,Sits on events committee
M-01194,Chiara Patel,,Project Manager,cpatel@solsticesolar.test,212.555.0164,,Suspended – unpaid,2000,Health & Care,28/01/2026,Ex-chair
M-01195,Rosa Wang,Oakhaven Care Homes,CTO,rosa_wang@oakhavencare.test,+447700900492,,Pending renewal,2001,Retail,02/02/2025,Sponsor – Gold tier
M-01196,Marta Quintero,Halcyon Hotels,Compliance Officer,martaquintero@postbox.test,1-800-555-0156,,Resigned,2020,Tech,28/05/2025,Keynote speaker 2024 gala
M-01197,Matt Jovanović,BLUEBELL NURSERIES LTD,Procurement Lead,mattjovanovic@postbox.test,0491 570 711,,active,02/1998,Professional Services,03/04/2025,Sits on events committee

M-01198,Stellan O'Connor,Pinecrest Realty,Customer Success Manager,stellan@pinecrestrealty.test,+81 3-2428-8727,,Honorary,2015,Manufacturing,18/01/2026,Keynote speaker 2024 gala
M-01199,RAFAEL ADEYEMI,Brightwater Health,Practice Manager,adeyemi.rafael@brightwaterhealth.test,,,Active,2024,Tech,16/07/2027,
M-01200,Oren Uddin,Riverbend Brewing ,Senior Project Manager,oren.uddin@riverbendbrew.test,+44 (0)7700 900696,,Pending renewal,2014,Health & Care,11/03/2025,
M-01201,dave van der berg,Driftwood Studios,General Counsel,dave.vanderberg@driftwoodstudios.test,0491 570 751,,active,2003,Charity / Non-profit,16/07/2025,
M-01202,Oren Jaramillo,Northwind Freight,Supply Chain Manager,oren.jaramillo@northwindfreight.test,030 7452226,+49 (0) 40 278 852,Active,2017,Health & Care,04/03/2027,
M-01203,  Stellan  Horvat ,Oakhaven Care Homes,Principal,mailto:horvat.stellan@oakhavencare.test,1-800-555-0151,415-555-0184,Lapsed,03/2009,Retail,23/07/2025,
M-01204,Hiroshi Lefebvre,,Founder,HIROSHI.LEFEBVRE@KEYSTONEACCT.TEST,+1 212 555 0198,,Active,1998,Hospitality,16/08/2025,Sponsor – Gold tier
M-01205,Chidi Grant,Driftwood Studios,Data Analyst,cgrant@driftwoodstudios.test,0491 570 998 ext. 2572,,active,04/2002,Hospitality,11/10/2026,Sponsor – Gold tier
M-01206,Elif Reyes,Fenwick Textiles,Executive Assistant,ereyes@fenwicktextiles.test,+81 3-8287-4054,,Lapsed,2008,Retail,18/03/2026,
M-01207,"MACLEOD, Hiroshi",Keystone Accounting,General Counsel,hiroshi@keystoneacct.test,,020 7946 0712,Pending renewal,1998,Education,07/12/2026,
,Katie Yamamoto,Nordlys Fisk AS,SDR,katieyamamoto34@postbox.test,01614960392,+44 20 7946 0837,Honorary,05/2012,Professional Services,19/10/2025,Owes 2025 dues
M-01209,Grzegorz Moreau,Lumen Analytics,Practice Manager,grzegorz.moreau@lumenanalytics.test,+81 3-5009-7469,+81 3-4786-7396,Active,2026,Tech,24/03/2025,Sits on events committee
M-01210,"Kai MacLeod, PhD",Atlas Manufacturing,Support Team Lead,none,+44 20 7946 0398,+447700900582,Lapsed,1998,Health & Care,06/10/2025,Keynote speaker 2024 gala
M-01211,Cyrus Castillo,Fenwick Textiles,Buyer,cyrus@fenwicktextiles.test,+1 (646) 555-0136,555-0180,Active,1998,Education,08/06/2026,
M-01212,Chiara Rahman,Evergreen Schools Trust,UX Researcher,rahman.chiara@evergreenschools.test,,,Resigned,2017,Charity / Non-profit,11/06/2026,
M-01213,Yosef Moreau,Verdant Landscaping,Owner/Operator,ymoreau@verdantland.test,+447700900402,,Honorary,03/1999,Hospitality,11/10/2026,Ex-chair
M-01214,"Tomás ""Sunny"" Hernández",Orbital Media,Freelance Designer,TOMASHERNANDEZ27@WEBMAIL.TEST,+49 30 978518,0171 5969572,Resigned,2010,Tech,01/09/2025,Sponsor – Gold tier
M-01215,Tom Thompson,Evergreen Schools Trust,CEO,tomthompson24@webmail.test,+81 3-3905-3693,+81 3-9256-1776,Lapsed,2002,Retail,12/12/2025,Sits on events committee
M-01216,Priya Fontaine,Tidewater Logistics,Controller,fontaine.priya@tidewaterlogistics.test,555-0197,+1 212 555 0190  #3406,Active,2010,Tech,20/01/2027,Ex-chair
M-01217,Omar Delgado,Borealis Shipping AS,Controller,mailto:omardelgado@inbox.test,020 7946 0652,,Lapsed,1998,Education,12/05/2025,
M-01218,Ximena Chen,Wren & Finch Architects,Head of Product,ximena.chen@wrenfinch.test,see email,,Active,2002,Tech,04/09/2025,
M-01219,Chris Thompson,Blackthorn Security,Growth Lead,none,030 3692967,,Honorary,1999,Manufacturing,21/09/2027,Keynote speaker 2024 gala
,Mateo Takahashi,,,mtakahashi@magnoliaevents.test,(415) 555-0191,+1 (646) 555-0127,Active,03/2011,Construction,23/04/2025,"Prefers post, not email"
M-01221,Kofi Taylor,Indigo Print Co.,Senior Project Manager,kofit@indigoprint.test,0491 570 112,,Lapsed,07/2008,Health & Care,11/07/2026,
M-01222,Rafael Ivanova,Cobalt Robotics,Head of People,rafael_ivanova@cobaltrobotics.test,0491 570 872,0491 570 728,Resigned,10/2013,Hospitality,16/06/2027,
M-01223,vikram garcía-lópez,Silt & Sons,Senior Project Manager,vikramgarcialopez@mailhub.test,212.555.0112 ext. 2061,212.555.0160,Suspended – unpaid,1999,Education,09/02/2025,
M-01224,Leïla Abara,WESTFIELD MOTORS,Software Engineer,leilaa@westfieldmotors.test,'0161 496 0985,+44 (0)7700 900900,Pending renewal,2010,Manufacturing,05/08/2027,
M-01225,Dagny Farouk,Self-employed,Sales Engineer,dagnyfarouk21@fastpost.test,+44 (0)7700 900745,+44 20 7946 0379 (mobile),Resigned,04/2006,Hospitality,12/12/2025,"Prefers post, not email"
M-01226,Mrs. Björn Coelho,Meridian Labs,Sysadmin,bjorncoelho27@mailhub.test,+47 70 32 52 60 x2105,,Pending renewal,10/1998,Health & Care,14/08/2025,
M-01227,Mateo Ødegaard,Driftwood Studios,Talent Acquisition Lead,odegaard.mateo@driftwoodstudios.test,,,Active,2024,Manufacturing,01/01/2027,Sponsor – Gold tier
M-01228,Mr. Esra Varga,Magnolia Events,PA to the CEO,evarga@magnoliaevents.test,1-800-555-0164,4.15E+9,Pending renewal,2002,Tech,10/07/2026,
M-01229,  Elif  Jones ,,CEO & Founder,elif_jones@nordlysfisk.test,-,+81 3-8013-6559,Active,2024,Retail,13/02/2026,Ex-chair
M-01230,Katie Ekström,,Senior Project Manager,katiee@siltandsons.test,+61 2 5550 4336,,Pending renewal,2003,Charity / Non-profit,15/09/2027,Sponsor – Gold tier
M-01231,Rafael Jovanović,Quill & Ink Publishing ,Head of Product,Rafaelj@quillink.test,,,Honorary,01/2024,Construction,17/06/2025,Keynote speaker 2024 gala
M-01232,Tariq Kim,Pinecrest Realty,CEO & Founder,TARIQ.KIM@PINECRESTREALTY.TEST,,01715090600,Pending renewal,2025,Health & Care,26/01/2025,Sits on events committee
M-01233,Kofi Takahashi,Ironbridge Construction,student,kofi_takahashi@ironbridge.test,,,Honorary,2004,Professional Services,02/09/2026,
M-01234,RENÉE MCALLISTER,Orbital Media,,renee@@orbitalmedia.test,n/a,0491 570 439,Active,12/2008,Construction,08/07/2027,Sits on events committee
M-01235,Mei Uddin,Verdant Landscaping,Controller,MEI@VERDANTLAND.TEST,020 7946 0834,,Pending renewal,11/2006,Hospitality,24/11/2025,
M-01236,Yosef Jaramillo,Quartz Capital Partners,BDR,yjaramillo@quartzcapital.test,+81 3-7918-8617,,Active,2012,Retail,15/10/2027,
M-01237,Oksana Smith,Cardinal Foods,IT Manager,oksana@cardinalfoods.test,ask reception,,active,02/2001,Retail,18/06/2026,"Prefers post, not email"
M-01238,Farah Nørgaard,Driftwood Studios,,farahnorgaard36@fastpost.test,020 7946 0387,020 7946 0697,Active,1999,Professional Services,27/08/2026,
M-01239,Hyun Takahashi,Pinecrest Realty,CFO,hyun.takahashi@pinecrestrealty.test,415-555-0197,,Honorary,2007,Manufacturing,13/01/2025,
M-01240,"Grzegorz ""DJ"" Larsen",,IT Manager,grzegorzl@foxglovebakery.test,+44 20 7946 0362,,Suspended – unpaid,2023,Education,16/12/2025,
M-01241,Tariq Castillo,Kestrel Aerospace,Supply Chain Manager,tariqcastillo56@inbox,07700 900397,,Suspended – unpaid,2025,Charity / Non-profit,02/02/2025,
,Kofi T. Duarte,Borealis Shipping AS,,kofi@borealisshipping.test,(415) 555-0149 ext3986,+1 212 555 0186,Honorary,2018,Professional Services,12/11/2026,
M-01243,esra kim,Borealis Shipping AS,Marketing & Comms Officer,esrakim11@mailhub.test,(415) 555-0184,+1 (646) 555-0156,Active,2007,Charity / Non-profit,19/05/2027,Owes 2025 dues
M-01244,"AHMED, Sakura",Indigo Print Co.,Marketing & Comms Officer,sahmed@indigoprint.test,555-0147,(415) 555-0198 (mobile),Active,07/2026,Professional Services,01/07/2026,
M-01245,Bea Wang,,,mailto:wang.bea@juniperdental.test,+47 87 41 60 67,+47 62 52 75 57,Suspended – unpaid,01/2023,Health & Care,27/10/2026,Sits on events committee
M-01246,"IVANOVA, Bogdan",Redwood Legal LLP,Principal,bogdani@redwoodlegal.test,212.555.0183,,Lapsed,1999,Manufacturing,13/02/2027,
M-01247,Uma Wang,Lighthouse Charity Foundation,Principal,umaw@lighthousefdn.test,555-0128,,Active,06/2009,Charity / Non-profit,19/04/2027,"Prefers post, not email"
M-01248,Tomás Patel,Cobalt Robotics,Store Manager,patel.tomas@cobaltrobotics.test,415-555-0143,555-0182,Resigned,11/2011,Charity / Non-profit,09/08/2026,Ex-chair
M-01249,Carmen Silva,Blackthorn Security,Project Manager,carmen.silva@blackthornsec.test,+33 1 80 48 50 67,,Lapsed,2009,Charity / Non-profit,18/01/2026,Ex-chair
,Marta Gallagher,Blackthorn Security,,marta.gallagher@blackthornsec.test,+91 96236 57923,,Active,2000,Tech,23/02/2027,"Prefers post, not email"
M-01251,Prof. Carmen Ferreira,Delta Veterinary Group,,carmen@deltavets.test,+91 84049 19788,,Resigned,2007,Professional Services,20/09/2027,Sponsor – Gold tier
M-01252,Marta Nascimento,Wren & Finch Architects,Operations Coordinator,mnascimento@wrenfinch.test,+44 20 7946 0826,+44 20 7946 0261  #2450,Suspended – unpaid,2017,Construction,08/04/2025,
M-01253,"DUARTE, Sakura",blackthorn security,Retired,Sakurad@blackthornsec.test,212.555.0144,,Suspended – unpaid,09/2003,Education,11/10/2025,
M-01254,Émile Horvat,Cardinal Foods,,emile_horvat@cardinalfoods.test,415-555-0184,+1 212 555 0141,Active,2025,Charity / Non-profit,21/08/2025,
M-01255,Emma Van der Berg,Gossamer Fashion House,Intern,EMMA_VANDERBERG@GOSSAMER.TEST,,,Lapsed,08/1998,Professional Services,27/10/2026,
M-01256,Chris Williams,Granite Peak Outdoors,UX Researcher,chriswilliams@mailhub.test,415-555-0168,,Honorary,2005,Charity / Non-profit,15/09/2027,Owes 2025 dues
M-01257,EAMON ABARA,Gossamer Fashion House,Owner,eamona@gossamer.test,,,Active,1999,Tech,01/12/2025,
M-01258,"DUARTE, Sakura",Blackthorn Security,Retired,sakurad@blackthornsec.test,212.555.0144 x1701,555-0164,Resigned,2009,Hospitality,05/05/2026,Owes 2025 dues
M-01259,Paulo Uddin,Aurora Biotech GmbH,CTO,paulouddin67@inbox.test,07700 900680,+447700900704 ext. 1361,Lapsed,11/2021,Health & Care,21/11/2025,
M-01260,Mbali Lefebvre,northwind freight,Growth Lead,lefebvre.mbali@northwindfreight.test,07700 900178,,Pending renewal,2023,Hospitality,13/06/2025,Owes 2025 dues
M-01261,Ada Ionescu,Driftwood Studios,Compliance Officer,ada@driftwoodstudios.test,+49 (0) 40 808 914,,Suspended – unpaid,1998,Health & Care,24/05/2025,
M-01262,Ugo Wilson,Harbour & Stone,SDR,ugo.wilson@harbourandstone.test,0161 496 0381,+44 (0)7700 900553,Pending renewal,07/2008,Charity / Non-profit,18/10/2025,"Prefers post, not email"
M-01263,"Kofi Cho, Jr.",Keystone Accounting,General Counsel,koficho82@postbox.test,+49 (0) 40 183 508,,Pending renewal,2007,Education,02/07/2026,Owes 2025 dues
M-01264,"Jae-won Wiśniewski, PhD",Tessellate Software,Partner,jaewon_wisniewski@tessellate.test,'415-555-0196,,Honorary,2016,Hospitality,13/07/2027,Ex-chair
M-01265,Yosef Van der Berg,Cardinal Foods,Office Manager,mailto:yosefv@cardinalfoods.test,+47 80 75 85 92,,Lapsed,05/2020,Health & Care,25/07/2025,Ex-chair
M-01266,kalani chen,COBALT ROBOTICS,Compliance Officer,KALANICHEN71@WEBMAIL.TEST,+49 (0) 40 197 770,,Active,1998,Education,28/09/2026,
M-01267,Émile Nguyen,Westfield Motors,Head of People, emile.nguyen@westfieldmotors.test ,0161 496 0782,,active,2019,Health & Care,11/09/2026,Ex-chair
M-01268,Jae-won Fontaine,Aurora Biotech GmbH,PA to the CEO,Jaewon.fontaine@aurorabiotech.test,-,,Lapsed,12/2014,Health & Care,16/02/2025,Ex-chair
M-01269,Łukasz,Blackthorn Security,Clinical Lead,lpetrov@blackthornsec.test,+81 3-4690-7651,,Active,2001,Charity / Non-profit,08/10/2027,
M-01270,Mr. Deepak Singh,Northwind Freight,IT Manager,singh.deepak@northwindfreight.test,555-0172,,Active,09/2022,Retail,23/12/2025,Keynote speaker 2024 gala
M-01271,Esra Schmidt,Greenleaf Organics,CEO,eschmidt@greenleaforganics.test,,0.77E+10,Resigned,03/2022,Hospitality,28/09/2027,"Prefers post, not email"
M-01272,Dave Brennan,Cobalt Robotics,Controller,brennan.dave@cobaltrobotics.test,+1 212 555 0170,+1 (646) 555-0110 ext. 3191,Active,2018,Professional Services,26/02/2027,"Prefers post, not email"
M-01273,Mbali Lefebvre,Quill & Ink Publishing,Sales Engineer,mbali_lefebvre@quillink.test,(415) 555-0184,,Pending renewal,06/2018,Professional Services,24/12/2026,Keynote speaker 2024 gala
M-01274,Zeynep Horvat,granite peak outdoors,,zeynep.horvat@granitepeak.test,+33 1 52 81 79 77,,Active,2023,Retail,02/05/2025,Sits on events committee
M-01275,Freya Ahmed,Quartz Capital Partners,Project Manager,freya_ahmed@quartzcapital.test,+49 30 633792,030 4615336,active,2012,Health & Care,12/01/2027,Keynote speaker 2024 gala
